atom_id1,atom_id2,atom_id3
23,22,24
20,19,21
18,19,20
18,19,21
18,22,23
18,22,24
17,16,18
15,13,16
14,13,15
14,13,16
13,16,17
12,10,13
11,10,12
11,10,13
10,13,14
10,13,15
9,7,10
8,7,9
8,7,10
7,10,11
7,10,12
6,5,7
6,5,25
5,7,8
5,7,9
4,1,5
3,1,4
3,1,5
2,1,3
2,1,4
2,1,5
1,5,6
39,41,42
38,37,39
36,34,37
35,34,36
35,34,37
34,37,38
33,31,34
32,31,33
32,31,34
31,34,35
31,34,36
30,28,31
29,28,30
29,28,31
28,31,32
28,31,33
27,28,29
27,28,30
27,37,38
51,53,54
47,45,48
46,45,47
46,45,48
44,43,45
44,43,51
43,45,46
43,45,47
42,41,43
41,43,44
71,73,74
68,67,69
67,69,70
66,65,67
65,67,68
64,63,65
63,65,66
62,61,63
61,63,64
60,61,62
60,69,70
59,57,60
58,57,59
58,57,60
56,55,57
56,55,71
55,57,58
55,57,59
54,53,55
53,55,56
81,83,84
79,77,80
78,77,79
78,77,80
76,75,77
76,75,81
75,77,78
75,77,79
74,73,75
73,75,76
100,102,103
98,96,99
97,96,98
97,96,99
94,92,95
93,92,94
93,92,95
91,90,92
91,90,96
90,92,93
90,92,94
90,92,95
90,96,97
90,96,98
90,96,99
89,87,90
88,87,89
88,87,90
87,90,91
86,85,87
86,85,100
85,87,88
85,87,89
84,83,85
83,85,86
111,109,112
110,109,111
110,109,112
108,106,109
107,106,108
107,106,109
106,109,110
106,109,111
105,104,106
105,104,115
104,106,107
104,106,108
103,102,104
102,104,105
128,127,129
126,124,127
125,124,126
125,124,127
124,127,128
123,121,124
122,121,123
122,121,124
121,124,125
121,124,126
120,118,121
119,118,120
119,118,121
118,121,122
118,121,123
117,118,119
117,118,120
117,127,128
143,145,146
142,141,143
140,138,141
139,138,140
139,138,141
138,141,142
137,135,138
136,135,137
136,135,138
135,138,139
135,138,140
134,132,135
133,132,134
133,132,135
132,135,136
132,135,137
131,132,133
131,132,134
131,141,142
164,166,167
161,160,162
160,162,163
157,158,159
157,160,161
156,155,157
154,153,155
153,155,156
152,153,154
152,162,163
151,149,152
150,149,151
150,149,152
148,147,149
148,147,164
147,149,150
147,149,151
146,145,147
145,147,148
178,180,181
174,172,175
173,172,174
173,172,175
171,170,172
171,170,176
170,172,173
170,172,174
170,172,175
170,176,177
169,168,170
169,168,178
168,170,171
167,166,168
166,168,169
184,182,185
183,182,184
183,182,185
181,180,182
180,182,183
180,182,184
199,201,202
198,197,199
196,194,197
195,194,196
195,194,197
194,197,198
193,191,194
192,191,193
192,191,194
191,194,195
191,194,196
190,188,191
189,188,190
189,188,191
188,191,192
188,191,193
187,188,189
187,188,190
187,197,198
209,211,212
207,205,208
206,205,207
206,205,208
204,203,205
204,203,209
203,205,206
203,205,207
202,201,203
201,203,204
231,233,234
229,227,230
228,227,229
228,227,230
226,224,227
225,224,226
225,224,227
224,227,228
224,227,229
224,227,230
223,221,224
222,221,223
222,221,224
221,224,225
221,224,226
220,218,221
219,218,220
219,218,221
218,221,222
218,221,223
217,215,218
216,215,217
216,215,218
215,218,219
215,218,220
214,213,215
214,213,231
213,215,216
213,215,217
212,211,213
211,213,214
241,243,244
239,237,240
238,237,239
238,237,240
236,235,237
236,235,241
235,237,238
235,237,239
235,237,240
234,233,235
233,235,236
265,267,268
263,262,264
260,259,261
258,259,260
258,259,261
258,262,263
258,262,264
257,256,258
255,253,256
254,253,255
254,253,256
253,256,257
252,250,253
251,250,252
251,250,253
250,253,254
250,253,255
249,247,250
248,247,249
248,247,250
247,250,251
247,250,252
246,245,247
246,245,265
245,247,248
245,247,249
244,243,245
243,245,246
284,286,287
282,280,283
281,280,282
281,280,283
279,277,280
278,277,279
278,277,280
277,280,281
277,280,282
277,280,283
275,273,276
274,273,275
274,273,276
272,271,273
272,271,277
271,273,274
271,273,275
271,273,276
271,277,278
271,277,279
270,269,271
270,269,284
269,271,272
268,267,269
267,269,270
303,305,306
301,299,302
300,299,301
300,299,302
298,296,299
297,296,298
297,296,299
296,299,300
296,299,301
296,299,302
294,292,295
293,292,294
293,292,295
291,290,292
291,290,296
290,292,293
290,292,294
290,292,295
290,296,297
290,296,298
289,288,290
289,288,303
288,290,291
287,286,288
286,288,289
327,329,330
325,324,326
322,321,323
320,321,322
320,321,323
320,324,325
320,324,326
319,318,320
317,315,318
316,315,317
316,315,318
315,318,319
314,312,315
313,312,314
313,312,315
312,315,316
312,315,317
311,309,312
310,309,311
310,309,312
309,312,313
309,312,314
308,307,309
308,307,327
307,309,310
307,309,311
306,305,307
305,307,308
348,350,351
345,344,346
344,346,347
341,342,343
341,344,345
340,339,341
338,337,339
337,339,340
336,337,338
336,346,347
335,333,336
334,333,335
334,333,336
332,331,333
332,331,348
331,333,334
331,333,335
330,329,331
329,331,332
368,370,371
365,364,366
364,366,367
363,362,364
362,364,365
361,360,362
360,362,363
359,358,360
358,360,361
357,358,359
357,366,367
356,354,357
355,354,356
355,354,357
353,352,354
353,352,368
352,354,355
352,354,356
351,350,352
350,352,353
389,391,392
386,385,387
385,387,388
382,383,384
382,385,386
381,380,382
379,378,380
378,380,381
377,378,379
377,387,388
376,374,377
375,374,376
375,374,377
373,372,374
373,372,389
372,374,375
372,374,376
371,370,372
370,372,373
403,405,406
401,400,402
398,400,401
398,400,402
397,395,398
396,395,397
396,395,398
394,393,395
394,393,403
393,395,396
393,395,397
392,391,393
391,393,394
413,415,416
411,409,412
410,409,411
410,409,412
408,407,409
408,407,413
407,409,410
407,409,411
407,409,412
406,405,407
405,407,408
435,437,438
433,431,434
432,431,433
432,431,434
430,428,431
429,428,430
429,428,431
428,431,432
428,431,433
428,431,434
427,425,428
426,425,427
426,425,428
425,428,429
425,428,430
424,422,425
423,422,424
423,422,425
422,425,426
422,425,427
421,419,422
420,419,421
420,419,422
419,422,423
419,422,424
418,417,419
418,417,435
417,419,420
417,419,421
416,415,417
415,417,418
445,447,448
443,441,444
442,441,443
442,441,444
440,439,441
440,439,445
439,441,442
439,441,443
439,441,444
438,437,439
437,439,440
452,454,455
451,449,452
450,449,451
450,449,452
448,447,449
447,449,450
447,449,451
471,473,474
469,467,470
468,467,469
468,467,470
465,463,466
464,463,465
464,463,466
462,461,463
462,461,467
461,463,464
461,463,465
461,463,466
461,467,468
461,467,469
461,467,470
460,458,461
459,458,460
459,458,461
458,461,462
457,456,458
457,456,471
456,458,459
456,458,460
455,454,456
454,456,457
481,483,484
479,477,480
478,477,479
478,477,480
476,475,477
476,475,481
475,477,478
475,477,479
474,473,475
473,475,476
498,500,501
496,495,497
493,495,496
493,495,497
492,490,493
491,490,492
491,490,493
489,487,490
488,487,489
488,487,490
487,490,491
487,490,492
486,485,487
486,485,498
485,487,488
485,487,489
484,483,485
483,485,486
512,514,515
508,506,509
507,506,508
507,506,509
505,504,506
505,504,510
504,506,507
504,506,508
504,506,509
504,510,511
503,502,504
503,502,512
502,504,505
501,500,502
500,502,503
532,534,535
529,528,530
528,530,531
527,526,528
526,528,529
525,524,526
524,526,527
523,522,524
522,524,525
521,522,523
521,530,531
520,518,521
519,518,520
519,518,521
517,516,518
517,516,532
516,518,519
516,518,520
515,514,516
514,516,517
548,550,551
546,544,547
545,544,546
545,544,547
542,540,543
541,540,542
541,540,543
539,538,540
539,538,544
538,540,541
538,540,542
538,540,543
538,544,545
538,544,546
538,544,547
537,536,538
537,536,548
536,538,539
535,534,536
534,536,537
569,571,572
566,565,567
565,567,568
562,563,564
562,565,566
561,560,562
559,558,560
558,560,561
557,558,559
557,567,568
556,554,557
555,554,556
555,554,557
553,552,554
553,552,569
552,554,555
552,554,556
551,550,552
550,552,553
576,578,579
575,573,576
574,573,575
574,573,576
572,571,573
571,573,574
571,573,575
583,585,586
582,580,583
581,580,582
581,580,583
579,578,580
578,580,581
578,580,582
593,595,596
591,589,592
590,589,591
590,589,592
588,587,589
588,587,593
587,589,590
587,589,591
586,585,587
585,587,588
617,619,620
615,614,616
612,611,613
610,611,612
610,611,613
610,614,615
610,614,616
609,608,610
607,605,608
606,605,607
606,605,608
605,608,609
604,602,605
603,602,604
603,602,605
602,605,606
602,605,607
601,599,602
600,599,601
600,599,602
599,602,603
599,602,604
598,597,599
598,597,617
597,599,600
597,599,601
596,595,597
595,597,598
627,629,630
625,623,626
624,623,625
624,623,626
622,621,623
622,621,627
621,623,624
621,623,625
621,623,626
620,619,621
619,621,622
649,651,652
647,645,648
646,645,647
646,645,648
644,642,645
643,642,644
643,642,645
642,645,646
642,645,647
642,645,648
641,639,642
640,639,641
640,639,642
639,642,643
639,642,644
638,636,639
637,636,638
637,636,639
636,639,640
636,639,641
635,633,636
634,633,635
634,633,636
633,636,637
633,636,638
632,631,633
632,631,649
631,633,634
631,633,635
630,629,631
629,631,632
673,675,676
671,670,672
668,667,669
666,667,668
666,667,669
666,670,671
666,670,672
665,664,666
663,661,664
662,661,663
662,661,664
661,664,665
660,658,661
659,658,660
659,658,661
658,661,662
658,661,663
657,655,658
656,655,657
656,655,658
655,658,659
655,658,660
654,653,655
654,653,673
653,655,656
653,655,657
652,651,653
651,653,654
687,689,690
685,684,686
682,684,685
682,684,686
681,679,682
680,679,681
680,679,682
678,677,679
678,677,687
677,679,680
677,679,681
676,675,677
675,677,678
701,703,704
699,698,700
696,698,699
696,698,700
695,693,696
694,693,695
694,693,696
692,691,693
692,691,701
691,693,694
691,693,695
690,689,691
689,691,692
721,723,724
718,717,719
717,719,720
716,715,717
715,717,718
714,713,715
713,715,716
712,711,713
711,713,714
710,711,712
710,719,720
709,707,710
708,707,709
708,707,710
706,705,707
706,705,721
705,707,708
705,707,709
704,703,705
703,705,706
743,745,746
741,739,742
740,739,741
740,739,742
738,736,739
737,736,738
737,736,739
736,739,740
736,739,741
736,739,742
735,733,736
734,733,735
734,733,736
733,736,737
733,736,738
732,730,733
731,730,732
731,730,733
730,733,734
730,733,735
729,727,730
728,727,729
728,727,730
727,730,731
727,730,732
726,725,727
726,725,743
725,727,728
725,727,729
724,723,725
723,725,726
754,756,757
751,749,752
750,749,751
750,749,752
749,752,753
748,747,749
748,747,754
747,749,750
747,749,751
746,745,747
745,747,748
764,766,767
762,760,763
761,760,762
761,760,763
759,758,760
759,758,764
758,760,761
758,760,762
758,760,763
757,756,758
756,758,759
779,781,782
775,773,776
774,773,775
774,773,776
772,770,773
771,770,772
771,770,773
770,773,774
770,773,775
769,768,770
769,768,779
768,770,771
768,770,772
767,766,768
766,768,769
791,793,794
787,785,788
786,785,787
786,785,788
784,783,785
784,783,791
783,785,786
783,785,787
782,781,783
781,783,784
801,803,804
799,797,800
798,797,799
798,797,800
796,795,797
796,795,801
795,797,798
795,797,799
794,793,795
793,795,796
818,820,821
816,814,817
815,814,816
815,814,817
813,814,815
813,814,816
813,814,817
812,810,813
811,810,812
811,810,813
809,807,810
808,807,809
808,807,810
807,810,811
807,810,812
806,805,807
806,805,818
805,807,808
805,807,809
804,803,805
803,805,806
842,844,845
840,839,841
837,836,838
835,836,837
835,836,838
835,839,840
835,839,841
834,833,835
832,830,833
831,830,832
831,830,833
830,833,834
829,827,830
828,827,829
828,827,830
827,830,831
827,830,832
826,824,827
825,824,826
825,824,827
824,827,828
824,827,829
823,822,824
823,822,842
822,824,825
822,824,826
821,820,822
820,822,823
856,858,859
852,850,853
851,850,852
851,850,853
849,848,850
849,848,854
848,850,851
848,850,852
848,850,853
848,854,855
847,846,848
847,846,856
846,848,849
845,844,846
844,846,847
866,868,869
864,862,865
863,862,864
863,862,865
861,860,862
861,860,866
860,862,863
860,862,864
859,858,860
858,860,861
873,875,876
872,870,873
871,870,872
871,870,873
869,868,870
868,870,871
868,870,872
880,882,883
879,877,880
878,877,879
878,877,880
876,875,877
875,877,878
875,877,879
888,886,889
887,886,888
887,886,889
885,884,886
885,884,890
884,886,887
884,886,888
884,886,889
883,882,884
882,884,885
26,25,27
25,27,28
25,27,37
19,18,22
16,18,19
16,18,22
13,16,18
10,13,16
7,5,25
7,10,13
5,7,10
5,25,26
5,25,27
1,5,7
1,5,25
40,39,41
39,41,43
37,39,40
37,39,41
34,37,39
31,34,37
28,27,37
28,31,34
27,28,31
27,37,34
27,37,39
52,51,53
51,53,55
49,48,50
45,43,51
45,48,49
45,48,50
43,45,48
43,51,52
43,51,53
41,43,45
41,43,51
72,71,73
71,73,75
65,67,69
63,65,67
61,60,69
61,63,65
60,61,63
60,69,67
57,55,71
57,60,61
57,60,69
55,57,60
55,71,72
55,71,73
53,55,57
53,55,71
82,81,83
81,83,85
80,865,862
77,75,81
77,80,865
75,77,80
75,81,82
75,81,83
73,75,77
73,75,81
101,100,102
100,102,104
92,90,96
87,85,100
87,90,92
87,90,96
85,87,90
85,100,101
85,100,102
83,85,87
83,85,100
116,115,117
115,117,118
115,117,127
113,112,114
109,112,113
109,112,114
106,104,115
106,109,112
104,106,109
104,115,116
104,115,117
102,104,106
102,104,115
130,129,131
129,131,132
129,131,141
127,129,130
127,129,131
124,127,129
121,124,127
118,117,127
118,121,124
117,118,121
117,127,124
117,127,129
144,143,145
143,145,147
141,143,144
141,143,145
138,141,143
135,138,141
132,131,141
132,135,138
131,132,135
131,141,138
131,141,143
165,164,166
164,166,168
158,157,160
157,160,162
155,157,158
155,157,160
153,152,162
153,155,157
152,153,155
152,162,160
149,147,164
149,152,153
149,152,162
147,149,152
147,164,165
147,164,166
145,147,149
145,147,164
179,178,180
178,180,182
172,170,176
170,168,178
168,170,172
168,170,176
168,178,179
168,178,180
166,168,170
166,168,178
186,185,187
185,187,188
185,187,197
182,185,186
182,185,187
180,182,185
200,199,201
199,201,203
197,199,200
197,199,201
194,197,199
191,194,197
188,187,197
188,191,194
187,188,191
187,197,194
187,197,199
210,209,211
209,211,213
208,592,589
205,203,209
205,208,592
203,205,208
203,209,210
203,209,211
201,203,205
201,203,209
232,231,233
231,233,235
221,224,227
218,221,224
215,213,231
215,218,221
213,215,218
213,231,232
213,231,233
211,213,215
211,213,231
242,241,243
241,243,245
237,235,241
235,241,242
235,241,243
233,235,237
233,235,241
266,265,267
265,267,269
259,258,262
256,258,259
256,258,262
253,256,258
250,253,256
247,245,265
247,250,253
245,247,250
245,265,266
245,265,267
243,245,247
243,245,265
285,284,286
284,286,288
273,271,277
271,269,284
271,277,280
269,271,273
269,271,277
269,284,285
269,284,286
267,269,271
267,269,284
304,303,305
303,305,307
292,290,296
290,288,303
290,296,299
288,290,292
288,290,296
288,303,304
288,303,305
286,288,290
286,288,303
328,327,329
327,329,331
321,320,324
318,320,321
318,320,324
315,318,320
312,315,318
309,307,327
309,312,315
307,309,312
307,327,328
307,327,329
305,307,309
305,307,327
349,348,350
348,350,352
342,341,344
341,344,346
339,341,342
339,341,344
337,336,346
337,339,341
336,337,339
336,346,344
333,331,348
333,336,337
333,336,346
331,333,336
331,348,349
331,348,350
329,331,333
329,331,348
369,368,370
368,370,372
362,364,366
360,362,364
358,357,366
358,360,362
357,358,360
357,366,364
354,352,368
354,357,358
354,357,366
352,354,357
352,368,369
352,368,370
350,352,354
350,352,368
390,389,391
389,391,393
383,382,385
382,385,387
380,382,383
380,382,385
378,377,387
378,380,382
377,378,380
377,387,385
374,372,389
374,377,378
374,377,387
372,374,377
372,389,390
372,389,391
370,372,374
370,372,389
404,403,405
403,405,407
399,398,400
395,393,403
395,398,399
395,398,400
393,395,398
393,403,404
393,403,405
391,393,395
391,393,403
414,413,415
413,415,417
409,407,413
407,413,414
407,413,415
405,407,409
405,407,413
436,435,437
435,437,439
425,428,431
422,425,428
419,417,435
419,422,425
417,419,422
417,435,436
417,435,437
415,417,419
415,417,435
446,445,447
445,447,449
441,439,445
439,445,446
439,445,447
437,439,441
437,439,445
453,452,454
452,454,456
449,452,453
449,452,454
447,449,452
472,471,473
471,473,475
463,461,467
458,456,471
458,461,463
458,461,467
456,458,461
456,471,472
456,471,473
454,456,458
454,456,471
482,481,483
481,483,485
480,800,797
477,475,481
477,480,800
475,477,480
475,481,482
475,481,483
473,475,477
473,475,481
499,498,500
498,500,502
494,493,495
490,493,494
490,493,495
487,485,498
487,490,493
485,487,490
485,498,499
485,498,500
483,485,487
483,485,498
513,512,514
512,514,516
506,504,510
504,502,512
502,504,506
502,504,510
502,512,513
502,512,514
500,502,504
500,502,512
533,532,534
532,534,536
526,528,530
524,526,528
522,521,530
522,524,526
521,522,524
521,530,528
518,516,532
518,521,522
518,521,530
516,518,521
516,532,533
516,532,534
514,516,518
514,516,532
549,548,550
548,550,552
540,538,544
538,536,548
536,538,540
536,538,544
536,548,549
536,548,550
534,536,538
534,536,548
570,569,571
569,571,573
563,562,565
562,565,567
560,562,563
560,562,565
558,557,567
558,560,562
557,558,560
557,567,565
554,552,569
554,557,558
554,557,567
552,554,557
552,569,570
552,569,571
550,552,554
550,552,569
577,576,578
576,578,580
573,576,577
573,576,578
571,573,576
584,583,585
583,585,587
580,583,584
580,583,585
578,580,583
594,593,595
593,595,597
589,587,593
587,589,592
587,593,594
587,593,595
585,587,589
585,587,593
618,617,619
617,619,621
611,610,614
608,610,611
608,610,614
605,608,610
602,605,608
599,597,617
599,602,605
597,599,602
597,617,618
597,617,619
595,597,599
595,597,617
628,627,629
627,629,631
623,621,627
621,627,628
621,627,629
619,621,623
619,621,627
650,649,651
649,651,653
639,642,645
636,639,642
633,631,649
633,636,639
631,633,636
631,649,650
631,649,651
629,631,633
629,631,649
674,673,675
673,675,677
667,666,670
664,666,667
664,666,670
661,664,666
658,661,664
655,653,673
655,658,661
653,655,658
653,673,674
653,673,675
651,653,655
651,653,673
688,687,689
687,689,691
683,682,684
679,677,687
679,682,683
679,682,684
677,679,682
677,687,688
677,687,689
675,677,679
675,677,687
702,701,703
701,703,705
697,696,698
693,691,701
693,696,697
693,696,698
691,693,696
691,701,702
691,701,703
689,691,693
689,691,701
722,721,723
721,723,725
715,717,719
713,715,717
711,710,719
711,713,715
710,711,713
710,719,717
707,705,721
707,710,711
707,710,719
705,707,710
705,721,722
705,721,723
703,705,707
703,705,721
744,743,745
743,745,747
733,736,739
730,733,736
727,725,743
727,730,733
725,727,730
725,743,744
725,743,745
723,725,727
723,725,743
755,754,756
754,756,758
749,747,754
747,749,752
747,754,755
747,754,756
745,747,749
745,747,754
765,764,766
764,766,768
760,758,764
758,764,765
758,764,766
756,758,760
756,758,764
780,779,781
779,781,783
777,776,778
773,776,777
773,776,778
770,768,779
770,773,776
768,770,773
768,779,780
768,779,781
766,768,770
766,768,779
792,791,793
791,793,795
789,788,790
785,783,791
785,788,789
785,788,790
783,785,788
783,791,792
783,791,793
781,783,785
781,783,791
802,801,803
801,803,805
797,795,801
795,797,800
795,801,802
795,801,803
793,795,797
793,795,801
819,818,820
818,820,822
810,813,814
807,805,818
807,810,813
805,807,810
805,818,819
805,818,820
803,805,807
803,805,818
843,842,844
842,844,846
836,835,839
833,835,836
833,835,839
830,833,835
827,830,833
824,822,842
824,827,830
822,824,827
822,842,843
822,842,844
820,822,824
820,822,842
857,856,858
856,858,860
850,848,854
848,846,856
846,848,850
846,848,854
846,856,857
846,856,858
844,846,848
844,846,856
867,866,868
866,868,870
862,860,866
860,862,865
860,866,867
860,866,868
858,860,862
858,860,866
874,873,875
873,875,877
870,873,874
870,873,875
868,870,873
881,880,882
880,882,884
877,880,881
877,880,882
875,877,880
891,890,892
886,884,890
884,890,891
884,890,892
882,884,886
882,884,890
