atom_id1,atom_id2,atom_id3,atom_id4,index
72,78,81,84
72,78,81,87
72,78,108,111
60,54,51,63
57,54,51,63
54,51,63,66
54,51,63,69
48,45,51,54
48,45,51,63
45,51,54,57
45,51,54,60
45,51,63,66
45,51,63,69
42,36,45,48
42,36,45,51
39,36,45,48
39,36,45,51
33,27,36,39
33,27,36,42
33,27,36,45
30,27,36,39
30,27,36,42
30,27,36,45
27,36,45,48
24,18,12,72
24,18,27,30
24,18,27,33
24,18,27,36
21,18,12,72
21,18,27,30
21,18,27,33
21,18,27,36
18,27,36,39
18,27,36,42
15,12,18,21
15,12,18,24
15,12,18,27
15,12,72,75
15,12,72,78
12,18,27,30
12,18,27,33
9,0,12,15
9,0,12,18
9,0,12,72
6,0,12,15
6,0,12,18
6,0,12,72
3,0,12,15
3,0,12,18
3,0,12,72
0,12,18,21
0,12,18,24
117,114,120,123
114,120,126,129
111,108,114,117
111,108,114,120
108,114,120,123
105,99,108,111
105,99,108,114
102,99,108,111
102,99,108,114
96,90,99,102
96,90,99,105
96,90,99,108
93,90,99,102
93,90,99,105
93,90,99,108
90,99,108,111
87,81,78,108
87,81,90,93
87,81,90,96
87,81,90,99
84,81,78,108
84,81,90,93
84,81,90,96
84,81,90,99
81,78,108,111
81,90,99,102
81,90,99,105
78,81,90,93
78,81,90,96
78,108,99,102
78,108,99,105
153,150,156,159
150,156,162,165
138,132,126,150
138,132,141,144
138,132,141,147
135,132,126,150
135,132,141,144
135,132,141,147
129,126,132,135
129,126,132,138
129,126,132,141
129,126,150,153
129,126,150,156
126,150,156,159
123,120,126,129
123,120,126,132
123,120,126,150
120,126,132,135
120,126,132,138
213,210,216,219
210,216,222,225
201,198,204,207
195,192,198,201
195,192,198,204
192,198,204,207
189,186,192,195
189,186,192,198
186,192,198,201
183,180,177,204
183,180,186,189
183,180,186,192
180,177,204,207
180,186,192,195
177,180,186,189
177,204,198,201
174,168,162,210
174,168,177,180
174,168,177,204
171,168,162,210
171,168,177,180
171,168,177,204
168,177,180,183
168,177,204,207
165,162,168,171
165,162,168,174
165,162,168,177
165,162,210,213
165,162,210,216
162,210,216,219
159,156,162,165
159,156,162,168
159,156,162,210
156,162,168,171
156,162,168,174
243,240,246,249
240,246,252,255
237,2592,2583,2586
237,2592,2583,2589
234,228,222,240
234,228,237,2592
231,228,222,240
231,228,237,2592
225,222,228,231
225,222,228,234
225,222,228,237
225,222,240,243
225,222,240,246
222,240,246,249
219,216,222,225
219,216,222,228
219,216,222,240
216,222,228,231
216,222,228,234
300,297,303,306
297,303,309,312
282,273,267,285
279,273,267,285
276,273,267,285
273,267,285,288
273,267,285,291
273,267,285,294
270,267,273,276
270,267,273,279
270,267,273,282
270,267,285,288
270,267,285,291
270,267,285,294
264,258,252,297
264,258,267,270
264,258,267,273
264,258,267,285
261,258,252,297
261,258,267,270
261,258,267,273
261,258,267,285
258,267,273,276
258,267,273,279
258,267,273,282
258,267,285,288
258,267,285,291
258,267,285,294
255,252,258,261
255,252,258,264
255,252,258,267
255,252,297,300
255,252,297,303
252,258,267,270
252,297,303,306
249,246,252,255
249,246,252,258
249,246,252,297
246,252,258,261
246,252,258,264
342,348,351,354
342,348,351,357
342,348,378,381
330,324,333,336
330,324,333,339
327,324,333,336
327,324,333,339
321,315,309,342
321,315,324,327
321,315,324,330
321,315,324,333
318,315,309,342
318,315,324,327
318,315,324,330
318,315,324,333
312,309,315,318
312,309,315,321
312,309,315,324
312,309,342,345
312,309,342,348
309,315,324,327
309,315,324,330
306,303,309,312
306,303,309,315
306,303,309,342
303,309,315,318
303,309,315,321
384,390,393,396
384,390,393,399
384,390,420,423
381,378,384,387
381,378,384,390
375,369,378,381
375,369,378,384
372,369,378,381
372,369,378,384
366,360,369,372
366,360,369,375
366,360,369,378
363,360,369,372
363,360,369,375
363,360,369,378
360,369,378,381
357,351,348,378
357,351,360,363
357,351,360,366
357,351,360,369
354,351,348,378
354,351,360,363
354,351,360,366
354,351,360,369
351,348,378,381
351,360,369,372
351,360,369,375
348,351,360,363
348,351,360,366
348,378,369,372
348,378,369,375
429,426,432,435
426,432,438,441
423,420,426,429
423,420,426,432
420,426,432,435
417,411,420,423
417,411,420,426
414,411,420,423
414,411,420,426
408,402,411,414
408,402,411,417
408,402,411,420
405,402,411,414
405,402,411,417
405,402,411,420
402,411,420,423
399,393,390,420
399,393,402,405
399,393,402,408
399,393,402,411
396,393,390,420
396,393,402,405
396,393,402,408
396,393,402,411
393,390,420,423
393,402,411,414
393,402,411,417
390,393,402,405
390,393,402,408
390,420,411,414
390,420,411,417
492,489,495,498
489,495,501,504
480,477,483,486
474,471,468,477
471,468,477,480
468,477,483,486
465,462,468,471
465,462,468,477
462,468,471,474
462,468,477,480
459,456,453,483
459,456,462,465
459,456,462,468
456,453,483,486
453,456,462,465
453,483,477,480
450,444,438,489
450,444,453,456
450,444,453,483
447,444,438,489
447,444,453,456
447,444,453,483
444,453,456,459
444,453,483,486
441,438,444,447
441,438,444,450
441,438,444,453
441,438,489,492
441,438,489,495
438,489,495,498
435,432,438,441
435,432,438,444
435,432,438,489
432,438,444,447
432,438,444,450
534,531,537,540
531,537,543,546
531,537,543,549
522,513,507,525
519,513,507,525
516,513,507,525
513,507,525,528
510,507,501,531
510,507,513,516
510,507,513,519
510,507,513,522
510,507,525,528
504,501,507,510
504,501,507,513
504,501,507,525
504,501,531,534
504,501,531,537
501,507,513,516
501,507,513,519
501,507,513,522
501,507,525,528
501,531,537,540
498,495,501,504
498,495,501,507
498,495,501,531
495,501,507,510
552,558,561,564
552,558,561,567
552,558,588,591
549,543,552,555
549,543,552,558
546,543,552,555
546,543,552,558
540,537,543,546
540,537,543,549
540,537,543,552
597,594,600,603
594,600,606,609
591,588,594,597
591,588,594,600
588,594,600,603
585,579,588,591
585,579,588,594
582,579,588,591
582,579,588,594
576,570,579,582
576,570,579,585
576,570,579,588
573,570,579,582
573,570,579,585
573,570,579,588
570,579,588,591
567,561,558,588
567,561,570,573
567,561,570,576
567,561,570,579
564,561,558,588
564,561,570,573
564,561,570,576
564,561,570,579
561,558,588,591
561,570,579,582
561,570,579,585
558,561,570,573
558,561,570,576
558,588,579,582
558,588,579,585
627,624,630,633
624,630,636,639
621,1773,1764,1767
621,1773,1764,1770
618,612,606,624
618,612,621,1773
615,612,606,624
615,612,621,1773
609,606,612,615
609,606,612,618
609,606,612,621
609,606,624,627
609,606,624,630
606,624,630,633
603,600,606,609
603,600,606,612
603,600,606,624
600,606,612,615
600,606,612,618
693,690,696,699
690,696,702,705
675,669,678,681
675,669,678,684
675,669,678,687
672,669,678,681
672,669,678,684
672,669,678,687
666,660,669,672
666,660,669,675
666,660,669,678
663,660,669,672
663,660,669,675
663,660,669,678
660,669,678,681
660,669,678,684
660,669,678,687
657,651,660,663
657,651,660,666
657,651,660,669
654,651,660,663
654,651,660,666
654,651,660,669
651,660,669,672
651,660,669,675
648,642,636,690
648,642,651,654
648,642,651,657
648,642,651,660
645,642,636,690
645,642,651,654
645,642,651,657
645,642,651,660
642,651,660,663
642,651,660,666
639,636,642,645
639,636,642,648
639,636,642,651
639,636,690,693
639,636,690,696
636,642,651,654
636,642,651,657
636,690,696,699
633,630,636,639
633,630,636,642
633,630,636,690
630,636,642,645
630,636,642,648
723,720,726,729
720,726,732,735
717,708,702,720
714,708,702,720
711,708,702,720
705,702,708,711
705,702,708,714
705,702,708,717
705,702,720,723
705,702,720,726
702,720,726,729
699,696,702,705
699,696,702,708
699,696,702,720
696,702,708,711
696,702,708,714
696,702,708,717
795,792,798,801
792,798,804,807
780,774,771,783
777,774,771,783
774,771,783,786
774,771,783,789
768,765,771,774
768,765,771,783
765,771,774,777
765,771,774,780
765,771,783,786
765,771,783,789
762,756,765,768
762,756,765,771
759,756,765,768
759,756,765,771
753,747,756,759
753,747,756,762
753,747,756,765
750,747,756,759
750,747,756,762
750,747,756,765
747,756,765,768
744,738,732,792
744,738,747,750
744,738,747,753
744,738,747,756
741,738,732,792
741,738,747,750
741,738,747,753
741,738,747,756
738,747,756,759
738,747,756,762
735,732,738,741
735,732,738,744
735,732,738,747
735,732,792,795
735,732,792,798
732,738,747,750
732,738,747,753
732,792,798,801
729,726,732,735
729,726,732,738
729,726,732,792
726,732,738,741
726,732,738,744
852,849,855,858
849,855,861,864
834,828,837,840
834,828,837,843
834,828,837,846
831,828,837,840
831,828,837,843
831,828,837,846
825,816,810,828
822,816,810,828
819,816,810,828
816,810,828,831
816,810,828,834
813,810,804,849
813,810,816,819
813,810,816,822
813,810,816,825
813,810,828,831
813,810,828,834
813,810,828,837
810,828,837,840
810,828,837,843
810,828,837,846
807,804,810,813
807,804,810,816
807,804,810,828
807,804,849,852
807,804,849,855
804,810,816,819
804,810,816,822
804,810,816,825
804,810,828,831
804,810,828,834
804,849,855,858
801,798,804,807
801,798,804,810
801,798,804,849
798,804,810,813
909,906,912,915
906,912,918,921
891,885,894,897
891,885,894,900
891,885,894,903
888,885,894,897
888,885,894,900
888,885,894,903
882,873,867,885
879,873,867,885
876,873,867,885
873,867,885,888
873,867,885,891
870,867,861,906
870,867,873,876
870,867,873,879
870,867,873,882
870,867,885,888
870,867,885,891
870,867,885,894
867,885,894,897
867,885,894,900
867,885,894,903
864,861,867,870
864,861,867,873
864,861,867,885
864,861,906,909
864,861,906,912
861,867,873,876
861,867,873,879
861,867,873,882
861,867,885,888
861,867,885,891
861,906,912,915
858,855,861,864
858,855,861,867
858,855,861,906
855,861,867,870
981,978,984,987
978,984,990,993
966,960,957,969
963,960,957,969
960,957,969,972
960,957,969,975
954,951,957,960
954,951,957,969
951,957,960,963
951,957,960,966
951,957,969,972
951,957,969,975
948,942,951,954
948,942,951,957
945,942,951,954
945,942,951,957
939,933,942,945
939,933,942,948
939,933,942,951
936,933,942,945
936,933,942,948
936,933,942,951
933,942,951,954
930,924,918,978
930,924,933,936
930,924,933,939
930,924,933,942
927,924,918,978
927,924,933,936
927,924,933,939
927,924,933,942
924,933,942,945
924,933,942,948
921,918,924,927
921,918,924,930
921,918,924,933
921,918,978,981
921,918,978,984
918,924,933,936
918,924,933,939
918,978,984,987
915,912,918,921
915,912,918,924
915,912,918,978
912,918,924,927
912,918,924,930
1044,1041,1047,1050
1041,1047,1053,1056
1032,1029,1035,1038
1026,1023,1020,1029
1023,1020,1029,1032
1020,1029,1035,1038
1017,1014,1020,1023
1017,1014,1020,1029
1014,1020,1023,1026
1014,1020,1029,1032
1011,1008,1005,1035
1011,1008,1014,1017
1011,1008,1014,1020
1008,1005,1035,1038
1005,1008,1014,1017
1005,1035,1029,1032
1002,996,990,1041
1002,996,1005,1008
1002,996,1005,1035
999,996,990,1041
999,996,1005,1008
999,996,1005,1035
996,1005,1008,1011
996,1005,1035,1038
993,990,996,999
993,990,996,1002
993,990,996,1005
993,990,1041,1044
993,990,1041,1047
990,1041,1047,1050
987,984,990,993
987,984,990,996
987,984,990,1041
984,990,996,999
984,990,996,1002
1104,1101,1107,1110
1101,1107,1113,1116
1092,1089,1095,1098
1086,1083,1089,1092
1086,1083,1089,1095
1083,1089,1095,1098
1080,1077,1083,1086
1080,1077,1083,1089
1077,1083,1089,1092
1074,1071,1068,1095
1074,1071,1077,1080
1074,1071,1077,1083
1071,1068,1095,1098
1071,1077,1083,1086
1068,1071,1077,1080
1068,1095,1089,1092
1065,1059,1053,1101
1065,1059,1068,1071
1065,1059,1068,1095
1062,1059,1053,1101
1062,1059,1068,1071
1062,1059,1068,1095
1059,1068,1071,1074
1059,1068,1095,1098
1056,1053,1059,1062
1056,1053,1059,1065
1056,1053,1059,1068
1056,1053,1101,1104
1056,1053,1101,1107
1053,1101,1107,1110
1050,1047,1053,1056
1050,1047,1053,1059
1050,1047,1053,1101
1047,1053,1059,1062
1047,1053,1059,1065
1167,1164,1170,1173
1164,1170,1176,1179
1155,1152,1158,1161
1149,1146,1143,1152
1146,1143,1152,1155
1143,1152,1158,1161
1140,1137,1143,1146
1140,1137,1143,1152
1137,1143,1146,1149
1137,1143,1152,1155
1134,1131,1128,1158
1134,1131,1137,1140
1134,1131,1137,1143
1131,1128,1158,1161
1128,1131,1137,1140
1128,1158,1152,1155
1125,1119,1113,1164
1125,1119,1128,1131
1125,1119,1128,1158
1122,1119,1113,1164
1122,1119,1128,1131
1122,1119,1128,1158
1119,1128,1131,1134
1119,1128,1158,1161
1116,1113,1119,1122
1116,1113,1119,1125
1116,1113,1119,1128
1116,1113,1164,1167
1116,1113,1164,1170
1113,1164,1170,1173
1110,1107,1113,1116
1110,1107,1113,1119
1110,1107,1113,1164
1107,1113,1119,1122
1107,1113,1119,1125
1209,1206,1212,1215
1206,1212,1218,1221
1194,1191,1197,1200
1194,1191,1197,1203
1188,1182,1176,1206
1188,1182,1191,1194
1188,1182,1191,1197
1185,1182,1176,1206
1185,1182,1191,1194
1185,1182,1191,1197
1182,1191,1197,1200
1182,1191,1197,1203
1179,1176,1182,1185
1179,1176,1182,1188
1179,1176,1182,1191
1179,1176,1206,1209
1179,1176,1206,1212
1176,1206,1212,1215
1173,1170,1176,1179
1173,1170,1176,1182
1173,1170,1176,1206
1170,1176,1182,1185
1170,1176,1182,1188
1239,1236,1242,1245
1236,1242,1248,1251
1233,1224,1218,1236
1230,1224,1218,1236
1227,1224,1218,1236
1221,1218,1224,1227
1221,1218,1224,1230
1221,1218,1224,1233
1221,1218,1236,1239
1221,1218,1236,1242
1218,1236,1242,1245
1215,1212,1218,1221
1215,1212,1218,1224
1215,1212,1218,1236
1212,1218,1224,1227
1212,1218,1224,1230
1212,1218,1224,1233
1305,1302,1308,1311
1302,1308,1314,1317
1287,1281,1290,1293
1287,1281,1290,1296
1287,1281,1290,1299
1284,1281,1290,1293
1284,1281,1290,1296
1284,1281,1290,1299
1278,1272,1281,1284
1278,1272,1281,1287
1278,1272,1281,1290
1275,1272,1281,1284
1275,1272,1281,1287
1275,1272,1281,1290
1272,1281,1290,1293
1272,1281,1290,1296
1272,1281,1290,1299
1269,1263,1272,1275
1269,1263,1272,1278
1269,1263,1272,1281
1266,1263,1272,1275
1266,1263,1272,1278
1266,1263,1272,1281
1263,1272,1281,1284
1263,1272,1281,1287
1260,1254,1248,1302
1260,1254,1263,1266
1260,1254,1263,1269
1260,1254,1263,1272
1257,1254,1248,1302
1257,1254,1263,1266
1257,1254,1263,1269
1257,1254,1263,1272
1254,1263,1272,1275
1254,1263,1272,1278
1251,1248,1254,1257
1251,1248,1254,1260
1251,1248,1254,1263
1251,1248,1302,1305
1251,1248,1302,1308
1248,1254,1263,1266
1248,1254,1263,1269
1248,1302,1308,1311
1245,1242,1248,1251
1245,1242,1248,1254
1245,1242,1248,1302
1242,1248,1254,1257
1242,1248,1254,1260
1335,1332,1338,1341
1332,1338,1344,1347
1332,1338,1344,1350
1329,1320,1314,1332
1326,1320,1314,1332
1323,1320,1314,1332
1317,1314,1320,1323
1317,1314,1320,1326
1317,1314,1320,1329
1317,1314,1332,1335
1317,1314,1332,1338
1314,1332,1338,1341
1311,1308,1314,1317
1311,1308,1314,1320
1311,1308,1314,1332
1308,1314,1320,1323
1308,1314,1320,1326
1308,1314,1320,1329
1356,1353,1359,1362
1353,1359,1365,1368
1350,1344,1353,1356
1350,1344,1353,1359
1347,1344,1353,1356
1347,1344,1353,1359
1344,1353,1359,1362
1341,1338,1344,1347
1341,1338,1344,1350
1341,1338,1344,1353
1413,1410,1416,1419
1410,1416,1422,1425
1395,1386,1380,1398
1392,1386,1380,1398
1389,1386,1380,1398
1386,1380,1398,1401
1386,1380,1398,1404
1386,1380,1398,1407
1383,1380,1386,1389
1383,1380,1386,1392
1383,1380,1386,1395
1383,1380,1398,1401
1383,1380,1398,1404
1383,1380,1398,1407
1377,1371,1365,1410
1377,1371,1380,1383
1377,1371,1380,1386
1377,1371,1380,1398
1374,1371,1365,1410
1374,1371,1380,1383
1374,1371,1380,1386
1374,1371,1380,1398
1371,1380,1386,1389
1371,1380,1386,1392
1371,1380,1386,1395
1371,1380,1398,1401
1371,1380,1398,1404
1371,1380,1398,1407
1368,1365,1371,1374
1368,1365,1371,1377
1368,1365,1371,1380
1368,1365,1410,1413
1368,1365,1410,1416
1365,1371,1380,1383
1365,1410,1416,1419
1362,1359,1365,1368
1362,1359,1365,1371
1362,1359,1365,1410
1359,1365,1371,1374
1359,1365,1371,1377
1443,1440,1446,1449
1440,1446,1452,1455
1437,2397,2388,2391
1437,2397,2388,2394
1434,1428,1422,1440
1434,1428,1437,2397
1431,1428,1422,1440
1431,1428,1437,2397
1425,1422,1428,1431
1425,1422,1428,1434
1425,1422,1428,1437
1425,1422,1440,1443
1425,1422,1440,1446
1422,1440,1446,1449
1419,1416,1422,1425
1419,1416,1422,1428
1419,1416,1422,1440
1416,1422,1428,1431
1416,1422,1428,1434
1494,1491,1497,1500
1491,1497,1503,1506
1479,1476,1482,1485
1479,1476,1482,1488
1473,1467,1476,1479
1473,1467,1476,1482
1470,1467,1476,1479
1470,1467,1476,1482
1467,1476,1482,1485
1467,1476,1482,1488
1464,1458,1452,1491
1464,1458,1467,1470
1464,1458,1467,1473
1464,1458,1467,1476
1461,1458,1452,1491
1461,1458,1467,1470
1461,1458,1467,1473
1461,1458,1467,1476
1455,1452,1458,1461
1455,1452,1458,1464
1455,1452,1458,1467
1455,1452,1491,1494
1455,1452,1491,1497
1452,1458,1467,1470
1452,1458,1467,1473
1452,1491,1497,1500
1449,1446,1452,1455
1449,1446,1452,1458
1449,1446,1452,1491
1446,1452,1458,1461
1446,1452,1458,1464
1536,1533,1539,1542
1533,1539,1545,1548
1524,1515,1509,1527
1521,1515,1509,1527
1518,1515,1509,1527
1515,1509,1527,1530
1512,1509,1503,1533
1512,1509,1515,1518
1512,1509,1515,1521
1512,1509,1515,1524
1512,1509,1527,1530
1506,1503,1509,1512
1506,1503,1509,1515
1506,1503,1509,1527
1506,1503,1533,1536
1506,1503,1533,1539
1503,1509,1515,1518
1503,1509,1515,1521
1503,1509,1515,1524
1503,1509,1527,1530
1503,1533,1539,1542
1500,1497,1503,1506
1500,1497,1503,1509
1500,1497,1503,1533
1497,1503,1509,1512
1596,1593,1599,1602
1593,1599,1605,1608
1584,1581,1587,1590
1578,1575,1581,1584
1578,1575,1581,1587
1575,1581,1587,1590
1572,1569,1575,1578
1572,1569,1575,1581
1569,1575,1581,1584
1566,1563,1560,1587
1566,1563,1569,1572
1566,1563,1569,1575
1563,1560,1587,1590
1563,1569,1575,1578
1560,1563,1569,1572
1560,1587,1581,1584
1557,1551,1545,1593
1557,1551,1560,1563
1557,1551,1560,1587
1554,1551,1545,1593
1554,1551,1560,1563
1554,1551,1560,1587
1551,1560,1563,1566
1551,1560,1587,1590
1548,1545,1551,1554
1548,1545,1551,1557
1548,1545,1551,1560
1548,1545,1593,1596
1548,1545,1593,1599
1545,1593,1599,1602
1542,1539,1545,1548
1542,1539,1545,1551
1542,1539,1545,1593
1539,1545,1551,1554
1539,1545,1551,1557
1644,1641,1647,1650
1641,1647,1653,1656
1626,1617,1611,1629
1623,1617,1611,1629
1620,1617,1611,1629
1617,1611,1629,1632
1617,1611,1629,1635
1617,1611,1629,1638
1614,1611,1605,1641
1614,1611,1617,1620
1614,1611,1617,1623
1614,1611,1617,1626
1614,1611,1629,1632
1614,1611,1629,1635
1614,1611,1629,1638
1608,1605,1611,1614
1608,1605,1611,1617
1608,1605,1611,1629
1608,1605,1641,1644
1608,1605,1641,1647
1605,1611,1617,1620
1605,1611,1617,1623
1605,1611,1617,1626
1605,1611,1629,1632
1605,1611,1629,1635
1605,1611,1629,1638
1605,1641,1647,1650
1602,1599,1605,1608
1602,1599,1605,1611
1602,1599,1605,1641
1599,1605,1611,1614
1707,1704,1710,1713
1704,1710,1716,1719
1704,1710,1716,1722
1695,1692,1698,1701
1689,1686,1683,1692
1686,1683,1692,1695
1683,1692,1698,1701
1680,1677,1683,1686
1680,1677,1683,1692
1677,1683,1686,1689
1677,1683,1692,1695
1674,1671,1668,1698
1674,1671,1677,1680
1674,1671,1677,1683
1671,1668,1698,1701
1668,1671,1677,1680
1668,1698,1692,1695
1665,1659,1653,1704
1665,1659,1668,1671
1665,1659,1668,1698
1662,1659,1653,1704
1662,1659,1668,1671
1662,1659,1668,1698
1659,1668,1671,1674
1659,1668,1698,1701
1656,1653,1659,1662
1656,1653,1659,1665
1656,1653,1659,1668
1656,1653,1704,1707
1656,1653,1704,1710
1653,1704,1710,1713
1650,1647,1653,1656
1650,1647,1653,1659
1650,1647,1653,1704
1647,1653,1659,1662
1647,1653,1659,1665
1728,1725,1731,1734
1725,1731,1737,1740
1725,1731,1737,1743
1722,1716,1725,1728
1722,1716,1725,1731
1719,1716,1725,1728
1719,1716,1725,1731
1716,1725,1731,1734
1713,1710,1716,1719
1713,1710,1716,1722
1713,1710,1716,1725
1749,1746,1752,1755
1746,1752,1758,1761
1743,1737,1746,1749
1743,1737,1746,1752
1740,1737,1746,1749
1740,1737,1746,1752
1737,1746,1752,1755
1734,1731,1737,1740
1734,1731,1737,1743
1734,1731,1737,1746
1779,1776,1782,1785
1776,1782,1788,1791
1770,1764,1758,1776
1767,1764,1758,1776
1761,1758,1764,1767
1761,1758,1764,1770
1761,1758,1764,1773
1761,1758,1776,1779
1761,1758,1776,1782
1758,1776,1782,1785
1755,1752,1758,1761
1755,1752,1758,1764
1755,1752,1758,1776
1752,1758,1764,1767
1752,1758,1764,1770
1851,1848,1854,1857
1848,1854,1860,1863
1836,1830,1827,1839
1833,1830,1827,1839
1830,1827,1839,1842
1830,1827,1839,1845
1824,1821,1827,1830
1824,1821,1827,1839
1821,1827,1830,1833
1821,1827,1830,1836
1821,1827,1839,1842
1821,1827,1839,1845
1818,1812,1821,1824
1818,1812,1821,1827
1815,1812,1821,1824
1815,1812,1821,1827
1809,1803,1812,1815
1809,1803,1812,1818
1809,1803,1812,1821
1806,1803,1812,1815
1806,1803,1812,1818
1806,1803,1812,1821
1803,1812,1821,1824
1800,1794,1788,1848
1800,1794,1803,1806
1800,1794,1803,1809
1800,1794,1803,1812
1797,1794,1788,1848
1797,1794,1803,1806
1797,1794,1803,1809
1797,1794,1803,1812
1794,1803,1812,1815
1794,1803,1812,1818
1791,1788,1794,1797
1791,1788,1794,1800
1791,1788,1794,1803
1791,1788,1848,1851
1791,1788,1848,1854
1788,1794,1803,1806
1788,1794,1803,1809
1788,1848,1854,1857
1785,1782,1788,1791
1785,1782,1788,1794
1785,1782,1788,1848
1782,1788,1794,1797
1782,1788,1794,1800
1881,1878,1884,1887
1878,1884,1890,1893
1875,1866,1860,1878
1872,1866,1860,1878
1869,1866,1860,1878
1863,1860,1866,1869
1863,1860,1866,1872
1863,1860,1866,1875
1863,1860,1878,1881
1863,1860,1878,1884
1860,1878,1884,1887
1857,1854,1860,1863
1857,1854,1860,1866
1857,1854,1860,1878
1854,1860,1866,1869
1854,1860,1866,1872
1854,1860,1866,1875
1947,1944,1950,1953
1944,1950,1956,1959
1929,1923,1932,1935
1929,1923,1932,1938
1929,1923,1932,1941
1926,1923,1932,1935
1926,1923,1932,1938
1926,1923,1932,1941
1920,1914,1923,1926
1920,1914,1923,1929
1920,1914,1923,1932
1917,1914,1923,1926
1917,1914,1923,1929
1917,1914,1923,1932
1914,1923,1932,1935
1914,1923,1932,1938
1914,1923,1932,1941
1911,1905,1914,1917
1911,1905,1914,1920
1911,1905,1914,1923
1908,1905,1914,1917
1908,1905,1914,1920
1908,1905,1914,1923
1905,1914,1923,1926
1905,1914,1923,1929
1902,1896,1890,1944
1902,1896,1905,1908
1902,1896,1905,1911
1902,1896,1905,1914
1899,1896,1890,1944
1899,1896,1905,1908
1899,1896,1905,1911
1899,1896,1905,1914
1896,1905,1914,1917
1896,1905,1914,1920
1893,1890,1896,1899
1893,1890,1896,1902
1893,1890,1896,1905
1893,1890,1944,1947
1893,1890,1944,1950
1890,1896,1905,1908
1890,1896,1905,1911
1890,1944,1950,1953
1887,1884,1890,1893
1887,1884,1890,1896
1887,1884,1890,1944
1884,1890,1896,1899
1884,1890,1896,1902
2019,2016,2022,2025
2016,2022,2028,2031
2004,1998,1995,2007
2001,1998,1995,2007
1998,1995,2007,2010
1998,1995,2007,2013
1992,1989,1995,1998
1992,1989,1995,2007
1989,1995,1998,2001
1989,1995,1998,2004
1989,1995,2007,2010
1989,1995,2007,2013
1986,1980,1989,1992
1986,1980,1989,1995
1983,1980,1989,1992
1983,1980,1989,1995
1977,1971,1980,1983
1977,1971,1980,1986
1977,1971,1980,1989
1974,1971,1980,1983
1974,1971,1980,1986
1974,1971,1980,1989
1971,1980,1989,1992
1968,1962,1956,2016
1968,1962,1971,1974
1968,1962,1971,1977
1968,1962,1971,1980
1965,1962,1956,2016
1965,1962,1971,1974
1965,1962,1971,1977
1965,1962,1971,1980
1962,1971,1980,1983
1962,1971,1980,1986
1959,1956,1962,1965
1959,1956,1962,1968
1959,1956,1962,1971
1959,1956,2016,2019
1959,1956,2016,2022
1956,1962,1971,1974
1956,1962,1971,1977
1956,2016,2022,2025
1953,1950,1956,1959
1953,1950,1956,1962
1953,1950,1956,2016
1950,1956,1962,1965
1950,1956,1962,1968
2061,2058,2064,2067
2058,2064,2070,2073
2046,2043,2049,2052
2046,2043,2049,2055
2040,2034,2028,2058
2040,2034,2043,2046
2040,2034,2043,2049
2037,2034,2028,2058
2037,2034,2043,2046
2037,2034,2043,2049
2034,2043,2049,2052
2034,2043,2049,2055
2031,2028,2034,2037
2031,2028,2034,2040
2031,2028,2034,2043
2031,2028,2058,2061
2031,2028,2058,2064
2028,2058,2064,2067
2025,2022,2028,2031
2025,2022,2028,2034
2025,2022,2028,2058
2022,2028,2034,2037
2022,2028,2034,2040
2103,2100,2106,2109
2100,2106,2112,2115
2088,2085,2091,2094
2088,2085,2091,2097
2082,2076,2070,2100
2082,2076,2085,2088
2082,2076,2085,2091
2079,2076,2070,2100
2079,2076,2085,2088
2079,2076,2085,2091
2076,2085,2091,2094
2076,2085,2091,2097
2073,2070,2076,2079
2073,2070,2076,2082
2073,2070,2076,2085
2073,2070,2100,2103
2073,2070,2100,2106
2070,2100,2106,2109
2067,2064,2070,2073
2067,2064,2070,2076
2067,2064,2070,2100
2064,2070,2076,2079
2064,2070,2076,2082
2163,2160,2166,2169
2160,2166,2172,2175
2151,2148,2154,2157
2145,2142,2148,2151
2145,2142,2148,2154
2142,2148,2154,2157
2139,2136,2142,2145
2139,2136,2142,2148
2136,2142,2148,2151
2133,2130,2127,2154
2133,2130,2136,2139
2133,2130,2136,2142
2130,2127,2154,2157
2130,2136,2142,2145
2127,2130,2136,2139
2127,2154,2148,2151
2124,2118,2112,2160
2124,2118,2127,2130
2124,2118,2127,2154
2121,2118,2112,2160
2121,2118,2127,2130
2121,2118,2127,2154
2118,2127,2130,2133
2118,2127,2154,2157
2115,2112,2118,2121
2115,2112,2118,2124
2115,2112,2118,2127
2115,2112,2160,2163
2115,2112,2160,2166
2112,2160,2166,2169
2109,2106,2112,2115
2109,2106,2112,2118
2109,2106,2112,2160
2106,2112,2118,2121
2106,2112,2118,2124
2229,2226,2232,2235
2226,2232,2238,2241
2211,2205,2214,2217
2211,2205,2214,2220
2211,2205,2214,2223
2208,2205,2214,2217
2208,2205,2214,2220
2208,2205,2214,2223
2202,2196,2205,2208
2202,2196,2205,2211
2202,2196,2205,2214
2199,2196,2205,2208
2199,2196,2205,2211
2199,2196,2205,2214
2196,2205,2214,2217
2196,2205,2214,2220
2196,2205,2214,2223
2193,2187,2196,2199
2193,2187,2196,2202
2193,2187,2196,2205
2190,2187,2196,2199
2190,2187,2196,2202
2190,2187,2196,2205
2187,2196,2205,2208
2187,2196,2205,2211
2184,2178,2172,2226
2184,2178,2187,2190
2184,2178,2187,2193
2184,2178,2187,2196
2181,2178,2172,2226
2181,2178,2187,2190
2181,2178,2187,2193
2181,2178,2187,2196
2178,2187,2196,2199
2178,2187,2196,2202
2175,2172,2178,2181
2175,2172,2178,2184
2175,2172,2178,2187
2175,2172,2226,2229
2175,2172,2226,2232
2172,2178,2187,2190
2172,2178,2187,2193
2172,2226,2232,2235
2169,2166,2172,2175
2169,2166,2172,2178
2169,2166,2172,2226
2166,2172,2178,2181
2166,2172,2178,2184
2262,2259,2265,2268
2259,2265,2271,2274
2250,2244,2238,2259
2250,2244,2253,2256
2247,2244,2238,2259
2247,2244,2253,2256
2241,2238,2244,2247
2241,2238,2244,2250
2241,2238,2244,2253
2241,2238,2259,2262
2241,2238,2259,2265
2238,2244,2253,2256
2238,2259,2265,2268
2235,2232,2238,2241
2235,2232,2238,2244
2235,2232,2238,2259
2232,2238,2244,2247
2232,2238,2244,2250
2292,2289,2295,2298
2289,2295,2301,2304
2286,2277,2271,2289
2283,2277,2271,2289
2280,2277,2271,2289
2274,2271,2277,2280
2274,2271,2277,2283
2274,2271,2277,2286
2274,2271,2289,2292
2274,2271,2289,2295
2271,2289,2295,2298
2268,2265,2271,2274
2268,2265,2271,2277
2268,2265,2271,2289
2265,2271,2277,2280
2265,2271,2277,2283
2265,2271,2277,2286
2337,2334,2340,2343
2334,2340,2346,2349
2322,2316,2325,2328
2322,2316,2325,2331
2319,2316,2325,2328
2319,2316,2325,2331
2313,2307,2301,2334
2313,2307,2316,2319
2313,2307,2316,2322
2313,2307,2316,2325
2310,2307,2301,2334
2310,2307,2316,2319
2310,2307,2316,2322
2310,2307,2316,2325
2304,2301,2307,2310
2304,2301,2307,2313
2304,2301,2307,2316
2304,2301,2334,2337
2304,2301,2334,2340
2301,2307,2316,2319
2301,2307,2316,2322
2301,2334,2340,2343
2298,2295,2301,2304
2298,2295,2301,2307
2298,2295,2301,2334
2295,2301,2307,2310
2295,2301,2307,2313
2373,2370,2376,2379
2370,2376,2382,2385
2358,2352,2346,2370
2358,2352,2361,2364
2358,2352,2361,2367
2355,2352,2346,2370
2355,2352,2361,2364
2355,2352,2361,2367
2349,2346,2352,2355
2349,2346,2352,2358
2349,2346,2352,2361
2349,2346,2370,2373
2349,2346,2370,2376
2346,2370,2376,2379
2343,2340,2346,2349
2343,2340,2346,2352
2343,2340,2346,2370
2340,2346,2352,2355
2340,2346,2352,2358
2403,2400,2406,2409
2400,2406,2412,2415
2394,2388,2382,2400
2391,2388,2382,2400
2385,2382,2388,2391
2385,2382,2388,2394
2385,2382,2388,2397
2385,2382,2400,2403
2385,2382,2400,2406
2382,2400,2406,2409
2379,2376,2382,2385
2379,2376,2382,2388
2379,2376,2382,2400
2376,2382,2388,2391
2376,2382,2388,2394
2454,2451,2457,2460
2451,2457,2463,2466
2433,2427,2436,2439
2430,2427,2436,2439
2427,2436,2439,2442
2427,2436,2439,2445
2427,2436,2439,2448
2424,2418,2412,2451
2424,2418,2427,2430
2424,2418,2427,2433
2424,2418,2427,2436
2421,2418,2412,2451
2421,2418,2427,2430
2421,2418,2427,2433
2421,2418,2427,2436
2415,2412,2418,2421
2415,2412,2418,2424
2415,2412,2418,2427
2415,2412,2451,2454
2415,2412,2451,2457
2412,2418,2427,2430
2412,2418,2427,2433
2412,2451,2457,2460
2409,2406,2412,2415
2409,2406,2412,2418
2409,2406,2412,2451
2406,2412,2418,2421
2406,2412,2418,2424
2526,2523,2529,2532
2523,2529,2535,2538
2511,2505,2502,2514
2508,2505,2502,2514
2505,2502,2514,2517
2505,2502,2514,2520
2499,2496,2502,2505
2499,2496,2502,2514
2496,2502,2505,2508
2496,2502,2505,2511
2496,2502,2514,2517
2496,2502,2514,2520
2493,2487,2496,2499
2493,2487,2496,2502
2490,2487,2496,2499
2490,2487,2496,2502
2484,2478,2487,2490
2484,2478,2487,2493
2484,2478,2487,2496
2481,2478,2487,2490
2481,2478,2487,2493
2481,2478,2487,2496
2478,2487,2496,2499
2475,2469,2463,2523
2475,2469,2478,2481
2475,2469,2478,2484
2475,2469,2478,2487
2472,2469,2463,2523
2472,2469,2478,2481
2472,2469,2478,2484
2472,2469,2478,2487
2469,2478,2487,2490
2469,2478,2487,2493
2466,2463,2469,2472
2466,2463,2469,2475
2466,2463,2469,2478
2466,2463,2523,2526
2466,2463,2523,2529
2463,2469,2478,2481
2463,2469,2478,2484
2463,2523,2529,2532
2460,2457,2463,2466
2460,2457,2463,2469
2460,2457,2463,2523
2457,2463,2469,2472
2457,2463,2469,2475
2568,2565,2571,2574
2565,2571,2577,2580
2556,2547,2541,2559
2553,2547,2541,2559
2550,2547,2541,2559
2547,2541,2559,2562
2544,2541,2535,2565
2544,2541,2547,2550
2544,2541,2547,2553
2544,2541,2547,2556
2544,2541,2559,2562
2538,2535,2541,2544
2538,2535,2541,2547
2538,2535,2541,2559
2538,2535,2565,2568
2538,2535,2565,2571
2535,2541,2547,2550
2535,2541,2547,2553
2535,2541,2547,2556
2535,2541,2559,2562
2535,2565,2571,2574
2532,2529,2535,2538
2532,2529,2535,2541
2532,2529,2535,2565
2529,2535,2541,2544
2598,2595,2601,2604
2595,2601,2607,2610
2595,2601,2607,2613
2589,2583,2577,2595
2586,2583,2577,2595
2580,2577,2583,2586
2580,2577,2583,2589
2580,2577,2583,2592
2580,2577,2595,2598
2580,2577,2595,2601
2577,2595,2601,2604
2574,2571,2577,2580
2574,2571,2577,2583
2574,2571,2577,2595
2571,2577,2583,2586
2571,2577,2583,2589
2619,2616,2622,2625
2616,2622,2628,2631
2616,2622,2628,2634
2613,2607,2616,2619
2613,2607,2616,2622
2610,2607,2616,2619
2610,2607,2616,2622
2607,2616,2622,2625
2604,2601,2607,2610
2604,2601,2607,2613
2604,2601,2607,2616
2640,2637,2643,2646
2637,2643,2649,2652
2634,2628,2637,2640
2634,2628,2637,2643
2631,2628,2637,2640
2631,2628,2637,2643
2628,2637,2643,2646
2625,2622,2628,2631
2625,2622,2628,2634
2625,2622,2628,2637
2664,2655,2649,2667
2661,2655,2649,2667
2658,2655,2649,2667
2652,2649,2655,2658
2652,2649,2655,2661
2652,2649,2655,2664
2652,2649,2667,2670
2652,2649,2667,2673
2646,2643,2649,2652
2646,2643,2649,2655
2646,2643,2649,2667
2643,2649,2655,2658
2643,2649,2655,2661
2643,2649,2655,2664
