atom_id1,atom_id2,atom_id3,index
23,22,24
20,19,21
18,19,20
18,19,21
18,22,23
18,22,24
17,16,18
15,13,16
14,13,15
14,13,16
13,16,17
12,10,13
11,10,12
11,10,13
10,13,14
10,13,15
9,7,10
8,7,9
8,7,10
7,10,11
7,10,12
6,5,7
6,5,25
5,7,8
5,7,9
4,1,5
3,1,4
3,1,5
2,1,3
2,1,4
2,1,5
1,5,6
39,41,42
38,37,39
36,34,37
35,34,36
35,34,37
34,37,38
33,31,34
32,31,33
32,31,34
31,34,35
31,34,36
30,28,31
29,28,30
29,28,31
28,31,32
28,31,33
27,28,29
27,28,30
27,37,38
51,53,54
47,45,48
46,45,47
46,45,48
44,43,45
44,43,51
43,45,46
43,45,47
42,41,43
41,43,44
71,73,74
68,67,69
67,69,70
66,65,67
65,67,68
64,63,65
63,65,66
62,61,63
61,63,64
60,61,62
60,69,70
59,57,60
58,57,59
58,57,60
56,55,57
56,55,71
55,57,58
55,57,59
54,53,55
53,55,56
81,83,84
79,77,80
78,77,79
78,77,80
76,75,77
76,75,81
75,77,78
75,77,79
74,73,75
73,75,76
100,102,103
98,96,99
97,96,98
97,96,99
94,92,95
93,92,94
93,92,95
91,90,92
91,90,96
90,92,93
90,92,94
90,92,95
90,96,97
90,96,98
90,96,99
89,87,90
88,87,89
88,87,90
87,90,91
86,85,87
86,85,100
85,87,88
85,87,89
84,83,85
83,85,86
111,109,112
110,109,111
110,109,112
108,106,109
107,106,108
107,106,109
106,109,110
106,109,111
105,104,106
105,104,115
104,106,107
104,106,108
103,102,104
102,104,105
128,127,129
126,124,127
125,124,126
125,124,127
124,127,128
123,121,124
122,121,123
122,121,124
121,124,125
121,124,126
120,118,121
119,118,120
119,118,121
118,121,122
118,121,123
117,118,119
117,118,120
117,127,128
143,145,146
142,141,143
140,138,141
139,138,140
139,138,141
138,141,142
137,135,138
136,135,137
136,135,138
135,138,139
135,138,140
134,132,135
133,132,134
133,132,135
132,135,136
132,135,137
131,132,133
131,132,134
131,141,142
164,166,167
161,160,162
160,162,163
157,158,159
157,160,161
156,155,157
154,153,155
153,155,156
152,153,154
152,162,163
151,149,152
150,149,151
150,149,152
148,147,149
148,147,164
147,149,150
147,149,151
146,145,147
145,147,148
178,180,181
174,172,175
173,172,174
173,172,175
171,170,172
171,170,176
170,172,173
170,172,174
170,172,175
170,176,177
169,168,170
169,168,178
168,170,171
167,166,168
166,168,169
184,182,185
183,182,184
183,182,185
181,180,182
180,182,183
180,182,184
199,201,202
198,197,199
196,194,197
195,194,196
195,194,197
194,197,198
193,191,194
192,191,193
192,191,194
191,194,195
191,194,196
190,188,191
189,188,190
189,188,191
188,191,192
188,191,193
187,188,189
187,188,190
187,197,198
209,211,212
207,205,208
206,205,207
206,205,208
204,203,205
204,203,209
203,205,206
203,205,207
202,201,203
201,203,204
231,233,234
229,227,230
228,227,229
228,227,230
226,224,227
225,224,226
225,224,227
224,227,228
224,227,229
224,227,230
223,221,224
222,221,223
222,221,224
221,224,225
221,224,226
220,218,221
219,218,220
219,218,221
218,221,222
218,221,223
217,215,218
216,215,217
216,215,218
215,218,219
215,218,220
214,213,215
214,213,231
213,215,216
213,215,217
212,211,213
211,213,214
241,243,244
239,237,240
238,237,239
238,237,240
236,235,237
236,235,241
235,237,238
235,237,239
235,237,240
234,233,235
233,235,236
265,267,268
263,262,264
260,259,261
258,259,260
258,259,261
258,262,263
258,262,264
257,256,258
255,253,256
254,253,255
254,253,256
253,256,257
252,250,253
251,250,252
251,250,253
250,253,254
250,253,255
249,247,250
248,247,249
248,247,250
247,250,251
247,250,252
246,245,247
246,245,265
245,247,248
245,247,249
244,243,245
243,245,246
284,286,287
282,280,283
281,280,282
281,280,283
279,277,280
278,277,279
278,277,280
277,280,281
277,280,282
277,280,283
275,273,276
274,273,275
274,273,276
272,271,273
272,271,277
271,273,274
271,273,275
271,273,276
271,277,278
271,277,279
270,269,271
270,269,284
269,271,272
268,267,269
267,269,270
303,305,306
301,299,302
300,299,301
300,299,302
298,296,299
297,296,298
297,296,299
296,299,300
296,299,301
296,299,302
294,292,295
293,292,294
293,292,295
291,290,292
291,290,296
290,292,293
290,292,294
290,292,295
290,296,297
290,296,298
289,288,290
289,288,303
288,290,291
287,286,288
286,288,289
327,329,330
325,324,326
322,321,323
320,321,322
320,321,323
320,324,325
320,324,326
319,318,320
317,315,318
316,315,317
316,315,318
315,318,319
314,312,315
313,312,314
313,312,315
312,315,316
312,315,317
311,309,312
310,309,311
310,309,312
309,312,313
309,312,314
308,307,309
308,307,327
307,309,310
307,309,311
306,305,307
305,307,308
348,350,351
345,344,346
344,346,347
341,342,343
341,344,345
340,339,341
338,337,339
337,339,340
336,337,338
336,346,347
335,333,336
334,333,335
334,333,336
332,331,333
332,331,348
331,333,334
331,333,335
330,329,331
329,331,332
368,370,371
365,364,366
364,366,367
363,362,364
362,364,365
361,360,362
360,362,363
359,358,360
358,360,361
357,358,359
357,366,367
356,354,357
355,354,356
355,354,357
353,352,354
353,352,368
352,354,355
352,354,356
351,350,352
350,352,353
389,391,392
386,385,387
385,387,388
382,383,384
382,385,386
381,380,382
379,378,380
378,380,381
377,378,379
377,387,388
376,374,377
375,374,376
375,374,377
373,372,374
373,372,389
372,374,375
372,374,376
371,370,372
370,372,373
403,405,406
401,400,402
398,400,401
398,400,402
397,395,398
396,395,397
396,395,398
394,393,395
394,393,403
393,395,396
393,395,397
392,391,393
391,393,394
413,415,416
411,409,412
410,409,411
410,409,412
408,407,409
408,407,413
407,409,410
407,409,411
407,409,412
406,405,407
405,407,408
435,437,438
433,431,434
432,431,433
432,431,434
430,428,431
429,428,430
429,428,431
428,431,432
428,431,433
428,431,434
427,425,428
426,425,427
426,425,428
425,428,429
425,428,430
424,422,425
423,422,424
423,422,425
422,425,426
422,425,427
421,419,422
420,419,421
420,419,422
419,422,423
419,422,424
418,417,419
418,417,435
417,419,420
417,419,421
416,415,417
415,417,418
445,447,448
443,441,444
442,441,443
442,441,444
440,439,441
440,439,445
439,441,442
439,441,443
439,441,444
438,437,439
437,439,440
452,454,455
451,449,452
450,449,451
450,449,452
448,447,449
447,449,450
447,449,451
471,473,474
469,467,470
468,467,469
468,467,470
465,463,466
464,463,465
464,463,466
462,461,463
462,461,467
461,463,464
461,463,465
461,463,466
461,467,468
461,467,469
461,467,470
460,458,461
459,458,460
459,458,461
458,461,462
457,456,458
457,456,471
456,458,459
456,458,460
455,454,456
454,456,457
481,483,484
479,477,480
478,477,479
478,477,480
476,475,477
476,475,481
475,477,478
475,477,479
474,473,475
473,475,476
498,500,501
496,495,497
493,495,496
493,495,497
492,490,493
491,490,492
491,490,493
489,487,490
488,487,489
488,487,490
487,490,491
487,490,492
486,485,487
486,485,498
485,487,488
485,487,489
484,483,485
483,485,486
512,514,515
508,506,509
507,506,508
507,506,509
505,504,506
505,504,510
504,506,507
504,506,508
504,506,509
504,510,511
503,502,504
503,502,512
502,504,505
501,500,502
500,502,503
532,534,535
529,528,530
528,530,531
527,526,528
526,528,529
525,524,526
524,526,527
523,522,524
522,524,525
521,522,523
521,530,531
520,518,521
519,518,520
519,518,521
517,516,518
517,516,532
516,518,519
516,518,520
515,514,516
514,516,517
548,550,551
546,544,547
545,544,546
545,544,547
542,540,543
541,540,542
541,540,543
539,538,540
539,538,544
538,540,541
538,540,542
538,540,543
538,544,545
538,544,546
538,544,547
537,536,538
537,536,548
536,538,539
535,534,536
534,536,537
569,571,572
566,565,567
565,567,568
562,563,564
562,565,566
561,560,562
559,558,560
558,560,561
557,558,559
557,567,568
556,554,557
555,554,556
555,554,557
553,552,554
553,552,569
552,554,555
552,554,556
551,550,552
550,552,553
576,578,579
575,573,576
574,573,575
574,573,576
572,571,573
571,573,574
571,573,575
583,585,586
582,580,583
581,580,582
581,580,583
579,578,580
578,580,581
578,580,582
593,595,596
591,589,592
590,589,591
590,589,592
588,587,589
588,587,593
587,589,590
587,589,591
586,585,587
585,587,588
617,619,620
615,614,616
612,611,613
610,611,612
610,611,613
610,614,615
610,614,616
609,608,610
607,605,608
606,605,607
606,605,608
605,608,609
604,602,605
603,602,604
603,602,605
602,605,606
602,605,607
601,599,602
600,599,601
600,599,602
599,602,603
599,602,604
598,597,599
598,597,617
597,599,600
597,599,601
596,595,597
595,597,598
627,629,630
625,623,626
624,623,625
624,623,626
622,621,623
622,621,627
621,623,624
621,623,625
621,623,626
620,619,621
619,621,622
649,651,652
647,645,648
646,645,647
646,645,648
644,642,645
643,642,644
643,642,645
642,645,646
642,645,647
642,645,648
641,639,642
640,639,641
640,639,642
639,642,643
639,642,644
638,636,639
637,636,638
637,636,639
636,639,640
636,639,641
635,633,636
634,633,635
634,633,636
633,636,637
633,636,638
632,631,633
632,631,649
631,633,634
631,633,635
630,629,631
629,631,632
673,675,676
671,670,672
668,667,669
666,667,668
666,667,669
666,670,671
666,670,672
665,664,666
663,661,664
662,661,663
662,661,664
661,664,665
660,658,661
659,658,660
659,658,661
658,661,662
658,661,663
657,655,658
656,655,657
656,655,658
655,658,659
655,658,660
654,653,655
654,653,673
653,655,656
653,655,657
652,651,653
651,653,654
687,689,690
685,684,686
682,684,685
682,684,686
681,679,682
680,679,681
680,679,682
678,677,679
678,677,687
677,679,680
677,679,681
676,675,677
675,677,678
701,703,704
699,698,700
696,698,699
696,698,700
695,693,696
694,693,695
694,693,696
692,691,693
692,691,701
691,693,694
691,693,695
690,689,691
689,691,692
721,723,724
718,717,719
717,719,720
716,715,717
715,717,718
714,713,715
713,715,716
712,711,713
711,713,714
710,711,712
710,719,720
709,707,710
708,707,709
708,707,710
706,705,707
706,705,721
705,707,708
705,707,709
704,703,705
703,705,706
743,745,746
741,739,742
740,739,741
740,739,742
738,736,739
737,736,738
737,736,739
736,739,740
736,739,741
736,739,742
735,733,736
734,733,735
734,733,736
733,736,737
733,736,738
732,730,733
731,730,732
731,730,733
730,733,734
730,733,735
729,727,730
728,727,729
728,727,730
727,730,731
727,730,732
726,725,727
726,725,743
725,727,728
725,727,729
724,723,725
723,725,726
754,756,757
751,749,752
750,749,751
750,749,752
749,752,753
748,747,749
748,747,754
747,749,750
747,749,751
746,745,747
745,747,748
764,766,767
762,760,763
761,760,762
761,760,763
759,758,760
759,758,764
758,760,761
758,760,762
758,760,763
757,756,758
756,758,759
779,781,782
775,773,776
774,773,775
774,773,776
772,770,773
771,770,772
771,770,773
770,773,774
770,773,775
769,768,770
769,768,779
768,770,771
768,770,772
767,766,768
766,768,769
791,793,794
787,785,788
786,785,787
786,785,788
784,783,785
784,783,791
783,785,786
783,785,787
782,781,783
781,783,784
801,803,804
799,797,800
798,797,799
798,797,800
796,795,797
796,795,801
795,797,798
795,797,799
794,793,795
793,795,796
818,820,821
816,814,817
815,814,816
815,814,817
813,814,815
813,814,816
813,814,817
812,810,813
811,810,812
811,810,813
809,807,810
808,807,809
808,807,810
807,810,811
807,810,812
806,805,807
806,805,818
805,807,808
805,807,809
804,803,805
803,805,806
842,844,845
840,839,841
837,836,838
835,836,837
835,836,838
835,839,840
835,839,841
834,833,835
832,830,833
831,830,832
831,830,833
830,833,834
829,827,830
828,827,829
828,827,830
827,830,831
827,830,832
826,824,827
825,824,826
825,824,827
824,827,828
824,827,829
823,822,824
823,822,842
822,824,825
822,824,826
821,820,822
820,822,823
856,858,859
852,850,853
851,850,852
851,850,853
849,848,850
849,848,854
848,850,851
848,850,852
848,850,853
848,854,855
847,846,848
847,846,856
846,848,849
845,844,846
844,846,847
866,868,869
864,862,865
863,862,864
863,862,865
861,860,862
861,860,866
860,862,863
860,862,864
859,858,860
858,860,861
873,875,876
872,870,873
871,870,872
871,870,873
869,868,870
868,870,871
868,870,872
880,882,883
879,877,880
878,877,879
878,877,880
876,875,877
875,877,878
875,877,879
888,886,889
887,886,888
887,886,889
885,884,886
885,884,890
884,886,887
884,886,888
884,886,889
883,882,884
882,884,885
