atom_id1,atom_id2,index
25,26
25,27
18,19
18,22
16,18
13,16
10,13
7,10
5,7
5,25
1,5
39,40
39,41
37,39
34,37
31,34
28,31
27,28
27,37
51,52
51,53
48,49
48,50
45,48
43,45
43,51
41,43
71,72
71,73
67,69
65,67
63,65
61,63
60,61
60,69
57,60
55,57
55,71
53,55
81,82
81,83
80,865
77,80
75,77
75,81
73,75
100,101
100,102
90,92
90,96
87,90
85,87
85,100
83,85
115,116
115,117
112,113
112,114
109,112
106,109
104,106
104,115
102,104
129,130
129,131
127,129
124,127
121,124
118,121
117,118
117,127
143,144
143,145
141,143
138,141
135,138
132,135
131,132
131,141
164,165
164,166
160,162
157,158
157,160
155,157
153,155
152,153
152,162
149,152
147,149
147,164
145,147
178,179
178,180
170,172
170,176
168,170
168,178
166,168
185,186
185,187
182,185
180,182
199,200
199,201
197,199
194,197
191,194
188,191
187,188
187,197
209,210
209,211
208,592
205,208
203,205
203,209
201,203
231,232
231,233
224,227
221,224
218,221
215,218
213,215
213,231
211,213
241,242
241,243
235,237
235,241
233,235
265,266
265,267
258,259
258,262
256,258
253,256
250,253
247,250
245,247
245,265
243,245
284,285
284,286
277,280
271,273
271,277
269,271
269,284
267,269
303,304
303,305
296,299
290,292
290,296
288,290
288,303
286,288
327,328
327,329
320,321
320,324
318,320
315,318
312,315
309,312
307,309
307,327
305,307
348,349
348,350
344,346
341,342
341,344
339,341
337,339
336,337
336,346
333,336
331,333
331,348
329,331
368,369
368,370
364,366
362,364
360,362
358,360
357,358
357,366
354,357
352,354
352,368
350,352
389,390
389,391
385,387
382,383
382,385
380,382
378,380
377,378
377,387
374,377
372,374
372,389
370,372
403,404
403,405
398,399
398,400
395,398
393,395
393,403
391,393
413,414
413,415
407,409
407,413
405,407
435,436
435,437
428,431
425,428
422,425
419,422
417,419
417,435
415,417
445,446
445,447
439,441
439,445
437,439
452,453
452,454
449,452
447,449
471,472
471,473
461,463
461,467
458,461
456,458
456,471
454,456
481,482
481,483
480,800
477,480
475,477
475,481
473,475
498,499
498,500
493,494
493,495
490,493
487,490
485,487
485,498
483,485
512,513
512,514
504,506
504,510
502,504
502,512
500,502
532,533
532,534
528,530
526,528
524,526
522,524
521,522
521,530
518,521
516,518
516,532
514,516
548,549
548,550
538,540
538,544
536,538
536,548
534,536
569,570
569,571
565,567
562,563
562,565
560,562
558,560
557,558
557,567
554,557
552,554
552,569
550,552
576,577
576,578
573,576
571,573
583,584
583,585
580,583
578,580
593,594
593,595
589,592
587,589
587,593
585,587
617,618
617,619
610,611
610,614
608,610
605,608
602,605
599,602
597,599
597,617
595,597
627,628
627,629
621,623
621,627
619,621
649,650
649,651
642,645
639,642
636,639
633,636
631,633
631,649
629,631
673,674
673,675
666,667
666,670
664,666
661,664
658,661
655,658
653,655
653,673
651,653
687,688
687,689
682,683
682,684
679,682
677,679
677,687
675,677
701,702
701,703
696,697
696,698
693,696
691,693
691,701
689,691
721,722
721,723
717,719
715,717
713,715
711,713
710,711
710,719
707,710
705,707
705,721
703,705
743,744
743,745
736,739
733,736
730,733
727,730
725,727
725,743
723,725
754,755
754,756
749,752
747,749
747,754
745,747
764,765
764,766
758,760
758,764
756,758
779,780
779,781
776,777
776,778
773,776
770,773
768,770
768,779
766,768
791,792
791,793
788,789
788,790
785,788
783,785
783,791
781,783
801,802
801,803
797,800
795,797
795,801
793,795
818,819
818,820
813,814
810,813
807,810
805,807
805,818
803,805
842,843
842,844
835,836
835,839
833,835
830,833
827,830
824,827
822,824
822,842
820,822
856,857
856,858
848,850
848,854
846,848
846,856
844,846
866,867
866,868
862,865
860,862
860,866
858,860
873,874
873,875
870,873
868,870
880,881
880,882
877,880
875,877
890,891
890,892
884,886
884,890
882,884
